{"stats":{"minecraft:killed":{"minecraft:sheep":2,"minecraft:skeleton":1,"spore:inf_human":3,"spore:inf_player":2,"spore:knight":1},"minecraft:mined":{"minecraft:grass":14,"minecraft:dirt":6,"minecraft:tall_grass":3,"minecraft:stone":8,"minecraft:white_wool":1},"minecraft:used":{"camera:image_frame":1,"minecraft:water_bucket":1,"minecraft:light":1,"minecraft:cow_spawn_egg":1,"minecraft:apple":1,"minecraft:acacia_log":1,"minecraft:grass_block":1,"easy_npc:zombie_horse_spawn_egg":1,"withersweapons:diablow":1,"minecraft:iron_sword":13,"minecraft:sheep_spawn_egg":1,"minecraft:horse_spawn_egg":1,"securitycraft:mine":3,"minecraft:white_wool":1,"securitycraft:deepslate_diamond_mine":2,"minecraft:anvil":1,"minecraft:crafting_table":1,"minecraft:wolf_spawn_egg":1,"croptopia:cherry":1,"minecraft:painting":2,"minecraft:egg":11,"immersive_aircraft:biplane":1,"securitycraft:briefcase":4,"doggytalents:throw_bone":5,"tropicraft:cowktail_spawn_egg":1,"minecraft:splash_potion":3,"minecraft:milk_bucket":1},"minecraft:picked_up":{"minecraft:leather":2,"spore:armor_fragment":8,"withersweapons:echo_staff":2,"doggytalents:throw_bone":5,"securitycraft:briefcase":1,"minecraft:dirt":6,"minecraft:name_tag":2,"immersive_aircraft:biplane":1,"croptopia:cherry":1,"minecraft:arrow":5,"minecraft:bone":8,"minecraft:apple":1,"minecraft:bow":1,"minecraft:wheat_seeds":3,"minecraft:beef":1,"spore:mutated_fiber":9,"minecraft:oak_sapling":1,"camera:image":1,"minecraft:mutton":3,"minecraft:white_wool":3,"minecraft:cobblestone":3},"minecraft:crafted":{"minecraft:leather_leggings":1,"minecraft:leather_boots":1,"minecraft:leather_chestplate":1},"minecraft:dropped":{"withersweapons:echo_staff":2,"minecraft:water_bucket":1,"securitycraft:briefcase":1,"minecraft:arrow":1,"minecraft:bone":1},"minecraft:custom":{"minecraft:time_since_rest":51078,"minecraft:sprint_one_cm":33099,"minecraft:walk_one_cm":45740,"minecraft:interact_with_anvil":1,"minecraft:mob_kills":9,"minecraft:drop":6,"minecraft:damage_dealt":1450,"minecraft:talked_to_villager":1,"minecraft:interact_with_crafting_table":1,"minecraft:fly_one_cm":421180,"minecraft:crouch_one_cm":1847,"minecraft:play_time":66998,"minecraft:deaths":2,"minecraft:sneak_time":1167,"minecraft:aviate_one_cm":5925,"minecraft:jump":435,"minecraft:leave_game":16,"minecraft:time_since_death":51384,"minecraft:total_world_time":66998,"minecraft:fall_one_cm":1258,"minecraft:horse_one_cm":807}},"DataVersion":3465}