{"stats":{"minecraft:picked_up":{"minecraft:bone":2,"minecraft:arrow":1,"minecraft:bow":1,"minecraft:wheat_seeds":3,"minecraft:mutton":3,"securitycraft:briefcase":1,"minecraft:white_wool":3},"minecraft:mined":{"minecraft:grass":14,"minecraft:tall_grass":3,"minecraft:white_wool":1},"minecraft:dropped":{"securitycraft:briefcase":1,"minecraft:water_bucket":1},"minecraft:killed":{"minecraft:sheep":2,"minecraft:skeleton":1},"minecraft:custom":{"minecraft:time_since_rest":7113,"minecraft:crouch_one_cm":564,"minecraft:sprint_one_cm":5702,"minecraft:play_time":8800,"minecraft:deaths":1,"minecraft:walk_one_cm":7875,"minecraft:sneak_time":284,"minecraft:mob_kills":3,"minecraft:drop":2,"minecraft:jump":116,"minecraft:damage_dealt":389,"minecraft:leave_game":4,"minecraft:time_since_death":7069,"minecraft:total_world_time":8800,"minecraft:fall_one_cm":627,"minecraft:fly_one_cm":100081},"minecraft:used":{"securitycraft:mine":3,"minecraft:white_wool":1,"securitycraft:deepslate_diamond_mine":2,"securitycraft:briefcase":4,"minecraft:sheep_spawn_egg":1,"minecraft:water_bucket":1}},"DataVersion":3465}