{"stats":{"minecraft:dropped":{"minecraft:water_bucket":1,"securitycraft:briefcase":1,"minecraft:arrow":1,"minecraft:bone":1},"minecraft:killed":{"minecraft:sheep":2,"minecraft:skeleton":1,"spore:knight":1},"minecraft:used":{"camera:image_frame":1,"minecraft:water_bucket":1,"minecraft:light":1,"minecraft:acacia_log":1,"minecraft:sheep_spawn_egg":1,"minecraft:horse_spawn_egg":1,"securitycraft:mine":3,"minecraft:white_wool":1,"securitycraft:deepslate_diamond_mine":2,"minecraft:anvil":1,"minecraft:crafting_table":1,"minecraft:wolf_spawn_egg":1,"croptopia:cherry":1,"minecraft:painting":2,"minecraft:egg":11,"immersive_aircraft:biplane":1,"doggytalents:throw_bone":5,"securitycraft:briefcase":4,"minecraft:milk_bucket":1},"minecraft:mined":{"minecraft:grass":14,"minecraft:tall_grass":3,"minecraft:white_wool":1},"minecraft:picked_up":{"spore:armor_fragment":8,"doggytalents:throw_bone":5,"securitycraft:briefcase":1,"immersive_aircraft:biplane":1,"croptopia:cherry":1,"minecraft:bone":4,"minecraft:arrow":3,"minecraft:bow":1,"minecraft:wheat_seeds":3,"spore:mutated_fiber":4,"camera:image":1,"minecraft:mutton":3,"minecraft:white_wool":3},"minecraft:custom":{"minecraft:time_since_rest":35545,"minecraft:sprint_one_cm":19633,"minecraft:walk_one_cm":33942,"minecraft:interact_with_anvil":1,"minecraft:mob_kills":4,"minecraft:drop":4,"minecraft:damage_dealt":653,"minecraft:interact_with_crafting_table":1,"minecraft:talked_to_villager":1,"minecraft:fly_one_cm":354619,"minecraft:crouch_one_cm":1034,"minecraft:play_time":51465,"minecraft:deaths":2,"minecraft:sneak_time":1033,"minecraft:aviate_one_cm":5925,"minecraft:jump":261,"minecraft:leave_game":9,"minecraft:time_since_death":35851,"minecraft:total_world_time":51465,"minecraft:fall_one_cm":1258,"minecraft:horse_one_cm":807},"minecraft:crafted":{"minecraft:leather_leggings":1,"minecraft:leather_boots":1,"minecraft:leather_chestplate":1}},"DataVersion":3465}