{"stats":{"minecraft:killed":{"minecraft:sheep":2,"minecraft:skeleton":1},"minecraft:picked_up":{"doggytalents:throw_bone":5,"securitycraft:briefcase":1,"immersive_aircraft:biplane":1,"minecraft:bone":4,"minecraft:arrow":3,"minecraft:bow":1,"minecraft:wheat_seeds":3,"camera:image":1,"minecraft:mutton":3,"minecraft:white_wool":3},"minecraft:dropped":{"minecraft:water_bucket":1,"securitycraft:briefcase":1,"minecraft:arrow":1,"minecraft:bone":1},"minecraft:used":{"camera:image_frame":1,"minecraft:water_bucket":1,"minecraft:acacia_log":1,"minecraft:sheep_spawn_egg":1,"minecraft:horse_spawn_egg":1,"securitycraft:mine":3,"minecraft:white_wool":1,"securitycraft:deepslate_diamond_mine":2,"minecraft:wolf_spawn_egg":1,"minecraft:egg":11,"securitycraft:briefcase":4,"immersive_aircraft:biplane":1,"doggytalents:throw_bone":5,"minecraft:milk_bucket":1},"minecraft:mined":{"minecraft:grass":14,"minecraft:tall_grass":3,"minecraft:white_wool":1},"minecraft:custom":{"minecraft:time_since_rest":23586,"minecraft:sprint_one_cm":16887,"minecraft:walk_one_cm":29499,"minecraft:mob_kills":3,"minecraft:drop":4,"minecraft:damage_dealt":409,"minecraft:talked_to_villager":1,"minecraft:fly_one_cm":186524,"minecraft:crouch_one_cm":995,"minecraft:play_time":39506,"minecraft:deaths":2,"minecraft:sneak_time":821,"minecraft:aviate_one_cm":5925,"minecraft:jump":214,"minecraft:leave_game":8,"minecraft:time_since_death":23892,"minecraft:total_world_time":39506,"minecraft:fall_one_cm":1258,"minecraft:horse_one_cm":807}},"DataVersion":3465}